update,timesteps,mean_ep_return,mean_ep_length,num_episodes,eval_mean_return,loss,pg_loss,v_loss,entropy
1,2048,177.34933333333333,627.3333333333334,3,nan,16.9464168548584,-0.006854427047073841,33.93450164794922,1.3980153799057007
2,4096,192.32799999999997,639.6666666666666,3,nan,18.702829360961914,-0.008018875494599342,37.4504508972168,1.4377888441085815
3,6144,222.5675,670.3333333333334,3,nan,22.825157165527344,-0.018340539187192917,45.71843719482422,1.5721403360366821
4,8192,156.2976666666667,605.0,3,nan,15.79955768585205,-0.025422297418117523,31.673419952392578,1.1729731559753418
5,10240,175.92199999999994,624.6666666666666,3,nan,16.760032653808594,-0.006977941375225782,33.558616638183594,1.229764461517334
6,12288,183.9333333333333,629.0,3,nan,16.08094024658203,-0.025009503588080406,32.23410415649414,1.1101903915405273
7,14336,185.50550000000007,626.6666666666666,3,nan,17.858474731445312,-0.011862358078360558,35.765586853027344,1.2455692291259766
8,16384,168.25300000000004,615.3333333333334,3,nan,14.660761833190918,-0.014971362426877022,29.37428855895996,1.1411139965057373
9,18432,193.04216666666662,632.3333333333334,3,nan,18.020790100097656,-0.0127619169652462,36.09169006347656,1.2292640209197998
10,20480,189.18450000000007,635.0,3,nan,17.2329158782959,-0.015071656554937363,34.521446228027344,1.2734978199005127
11,22528,178.62766666666667,629.0,3,nan,18.8221435546875,-0.01702905260026455,37.70467758178711,1.3166583776474
12,24576,184.0175,631.0,3,nan,16.642921447753906,0.0017842017114162445,33.30644989013672,1.2087807655334473
13,26624,183.18016666666668,626.3333333333334,3,nan,17.297115325927734,-0.010769274085760117,34.64237594604492,1.330294132232666
14,28672,192.5781666666666,629.3333333333334,3,nan,17.60520362854004,-0.025603679940104485,35.28712463378906,1.2755869626998901
15,30720,200.23833333333343,648.3333333333334,3,nan,15.486150741577148,-0.01069113053381443,31.016071319580078,1.1193898916244507
16,32768,192.76716666666655,635.6666666666666,3,nan,20.614145278930664,-0.01140598114579916,41.28094482421875,1.4921139478683472
17,34816,172.17583333333337,620.6666666666666,3,nan,14.160930633544922,-0.01915125548839569,28.382965087890625,1.1400341987609863
18,36864,194.36333333333334,633.0,3,nan,19.85637855529785,-0.019175566732883453,39.77919006347656,1.4041454792022705
19,38912,279.10949999999997,724.0,2,nan,22.774139404296875,-0.00786499585956335,45.59284591674805,1.4417693614959717
20,40960,244.3948333333333,676.3333333333334,3,nan,22.44071388244629,-0.006900165230035782,44.923545837402344,1.4158036708831787
21,43008,213.97966666666662,659.0,3,nan,19.8073673248291,-0.021907158195972443,39.68332290649414,1.238786220550537
22,45056,245.1137500000001,680.5,2,nan,21.621856689453125,-0.005455784499645233,43.28229522705078,1.3835139274597168
23,47104,206.957,652.3333333333334,3,nan,21.534399032592773,0.004403207451105118,43.08673095703125,1.337019920349121
24,49152,185.71566666666664,633.0,3,nan,16.963563919067383,-0.01367175206542015,33.9777717590332,1.1649963855743408
25,51200,207.9518333333333,655.6666666666666,3,194.58600000000004,19.297706604003906,-0.018306344747543335,38.6593132019043,1.3643449544906616
26,53248,186.7463333333333,628.3333333333334,3,nan,18.512222290039062,-0.017563413828611374,37.082603454589844,1.151640772819519
27,55296,175.38016666666672,623.0,3,nan,17.45438003540039,-0.011381302028894424,34.95573043823242,1.210361123085022
28,57344,185.9125,634.0,3,nan,16.959850311279297,0.007239226251840591,33.9283561706543,1.1567909717559814
29,59392,223.13633333333337,668.6666666666666,3,nan,21.651561737060547,-0.014943348243832588,43.359352111816406,1.317071557044983
30,61440,180.97916666666666,618.0,3,nan,17.078603744506836,-0.01423904299736023,34.20771026611328,1.101321816444397
31,63488,221.3268333333333,667.3333333333334,3,nan,19.628475189208984,-0.0069897957146167755,39.29556655883789,1.2317876815795898
32,65536,215.66016666666664,657.6666666666666,3,nan,19.067182540893555,-0.015761300921440125,38.18955993652344,1.1837034225463867
33,67584,221.1835,668.0,3,nan,22.777036666870117,-0.015352558344602585,45.61216354370117,1.3692176342010498
34,69632,177.64333333333323,624.0,3,nan,16.979110717773438,-0.007516771554946899,33.99464416503906,1.0694811344146729
35,71680,211.83749999999998,658.0,3,nan,20.983200073242188,-0.01370999589562416,42.01929473876953,1.2738037109375
36,73728,196.9366666666666,645.3333333333334,3,nan,18.735511779785156,-0.0235795546323061,37.541229248046875,1.1522767543792725
37,75776,200.72733333333335,647.6666666666666,3,nan,20.53639793395996,-0.002163652330636978,41.102752685546875,1.2814432382583618
38,77824,223.27066666666667,662.6666666666666,3,nan,21.665119171142578,0.003261219710111618,43.35027313232422,1.3277678489685059
39,79872,235.46383333333338,675.3333333333334,3,nan,23.81751823425293,-0.013757534325122833,47.68922424316406,1.3335576057434082
40,81920,222.88249999999994,666.6666666666666,3,nan,19.568174362182617,-0.021298792213201523,39.20255661010742,1.1804934740066528
41,83968,180.7826666666667,623.3333333333334,3,nan,15.22127628326416,-0.014383340254426003,30.49013328552246,0.940708339214325
42,86016,259.51,704.5,2,nan,22.685527801513672,-0.009451054036617279,45.415504455566406,1.2773146629333496
43,88064,253.5014999999999,700.0,2,nan,23.88189697265625,-0.023550527170300484,47.837989807128906,1.3547351360321045
44,90112,194.30450000000008,636.5,2,nan,22.508623123168945,-0.010117506608366966,45.062557220458984,1.2537047863006592
45,92160,229.87549999999987,675.3333333333334,3,nan,20.331890106201172,-0.015501433983445168,40.71426773071289,0.9742456674575806
46,94208,216.3155000000001,663.0,2,nan,22.429973602294922,-0.0064785173162817955,44.89665985107422,1.1878459453582764
47,96256,344.4514999999998,771.5,2,nan,22.627666473388672,-0.01574622467160225,45.30752182006836,1.034812569618225
48,98304,270.98525,715.0,2,nan,22.369272232055664,-0.013394217938184738,44.787452697753906,1.1059744358062744
49,100352,313.6015,755.5,2,nan,20.44723129272461,-0.02051679790019989,40.954811096191406,0.9657223224639893
50,102400,332.0685000000002,773.0,2,270.71279999999996,25.551916122436523,-0.009990785270929337,51.14643096923828,1.1308937072753906
51,104448,342.6709999999998,778.5,2,nan,22.604345321655273,-0.003669634461402893,45.23589324951172,0.9931707978248596
52,106496,327.54475,769.5,2,nan,24.28371810913086,-0.027346178889274597,48.641761779785156,0.981726348400116
53,108544,317.0172500000001,761.0,2,nan,20.1879940032959,-0.014734245836734772,40.42092514038086,0.7734214067459106
54,110592,330.04499999999985,771.5,2,nan,24.036840438842773,-0.010843615978956223,48.11328887939453,0.8961226940155029
55,112640,339.1620000000001,773.0,2,nan,20.49831199645996,-0.01032076496630907,41.033634185791016,0.8183726668357849
56,114688,277.22499999999997,719.0,2,nan,21.90047836303711,-0.01815319061279297,43.85398483276367,0.8360471725463867
57,116736,328.60450000000003,766.5,2,nan,22.53955078125,-0.002597033977508545,45.098731994628906,0.7217839956283569
58,118784,290.45750000000015,734.0,2,nan,23.84132957458496,-0.0052385590970516205,47.70954513549805,0.8205312490463257
59,120832,242.45725,681.0,2,nan,23.48639488220215,-0.00797074381262064,47.003902435302734,0.7584800720214844
60,122880,317.3427499999999,759.5,2,nan,25.037389755249023,-0.0020396653562784195,50.09352493286133,0.7333147525787354
61,124928,312.0305000000001,755.0,2,nan,21.029033660888672,0.007024206221103668,42.05584716796875,0.5913705825805664
62,126976,247.34250000000003,687.0,2,nan,20.043943405151367,-0.007337244227528572,40.11421203613281,0.5825864672660828
63,129024,321.1149999999999,765.0,2,nan,23.147918701171875,-0.004017950035631657,46.316123962402344,0.6125679016113281
64,131072,324.75124999999997,766.0,2,nan,20.397254943847656,-0.004338419996201992,40.8143310546875,0.5571227669715881
65,133120,321.22600000000006,761.0,2,nan,23.109298706054688,-0.005328938364982605,46.24141311645508,0.6078532934188843
66,135168,245.48774999999995,690.5,2,nan,25.60062599182129,-0.017457308247685432,51.250770568847656,0.7302911877632141
67,137216,330.3565,772.0,2,nan,22.210512161254883,-0.006189228966832161,44.44529724121094,0.5946847200393677
68,139264,340.0544999999999,777.0,2,nan,24.37494659423828,-0.012427818030118942,48.7877082824707,0.6478796601295471
69,141312,318.8597499999999,760.5,2,nan,21.471820831298828,-0.006347727030515671,42.96701431274414,0.5338774919509888
70,143360,310.4255,738.5,2,nan,26.428464889526367,-0.005572725087404251,52.87855529785156,0.5240984559059143
71,145408,309.74250000000006,754.0,2,nan,20.553646087646484,-0.005423333495855331,41.12652587890625,0.41942527890205383
72,147456,241.1725,685.0,2,nan,21.909597396850586,-0.006484901532530785,43.84163284301758,0.4734879732131958
73,149504,328.91999999999996,767.5,2,nan,22.222810745239258,-0.0013816338032484055,44.45750045776367,0.45570188760757446
74,151552,336.1845000000002,777.5,2,nan,23.897356033325195,-0.017151888459920883,47.83772659301758,0.43557262420654297
75,153600,330.4922500000001,771.0,2,326.77269999999993,24.902849197387695,0.001931954175233841,49.81072998046875,0.4448149800300598
76,155648,333.17299999999994,775.5,2,nan,21.630355834960938,-0.002108941785991192,43.27201843261719,0.3544464111328125
77,157696,325.4262500000001,761.5,2,nan,21.172983169555664,-0.006021443754434586,42.36454772949219,0.3268815577030182
78,159744,319.929,762.5,2,nan,21.53033447265625,-0.00167742557823658,43.06983947753906,0.2907508611679077
79,161792,324.6937499999998,757.5,2,nan,23.81642723083496,-0.0015501752495765686,47.64247131347656,0.3258001208305359
80,163840,328.8787500000002,772.0,2,nan,21.126005172729492,-0.0025881053879857063,42.26300048828125,0.2906576693058014
81,165888,333.8299999999999,757.5,2,nan,24.733362197875977,-0.008281834423542023,49.489871978759766,0.329179972410202
82,167936,337.67875000000004,779.0,2,nan,23.482559204101562,-0.011213220655918121,46.991661071777344,0.20585156977176666
83,169984,310.5129999999999,755.0,2,nan,25.21440887451172,-0.005925340577960014,50.444190979003906,0.1760564148426056
84,172032,332.52849999999995,761.0,2,nan,22.188613891601562,0.003862641751766205,44.37163162231445,0.1064898669719696
85,174080,323.52575000000013,762.0,2,nan,21.541189193725586,-0.0012788400053977966,43.087066650390625,0.10650697350502014
86,176128,334.56675,775.5,2,nan,24.644821166992188,-0.00344935804605484,49.298805236816406,0.11326839029788971
87,178176,345.6084999999999,785.0,2,nan,23.8677978515625,-0.0017791073769330978,47.742286682128906,0.15672285854816437
88,180224,343.53150000000005,781.5,2,nan,26.63873863220215,-0.00223657488822937,53.283973693847656,0.1012120470404625
89,182272,343.03949999999986,775.0,2,nan,25.318950653076172,-0.0045420508831739426,50.649200439453125,0.11069918423891068
90,184320,337.9382499999999,775.5,2,nan,23.352941513061523,-0.007462402805685997,46.723106384277344,0.11483851075172424
91,186368,359.8457500000002,799.5,2,nan,21.522493362426758,-0.00883345678448677,43.066490173339844,0.19177374243736267
92,188416,320.57225000000005,758.0,2,nan,23.341527938842773,-0.00699947215616703,46.699127197265625,0.10361582785844803
93,190464,346.72775,786.0,2,nan,23.671323776245117,-0.0042159296572208405,47.35359191894531,0.12567919492721558
94,192512,326.7692500000003,767.5,2,nan,22.722551345825195,-0.0028690481558442116,45.453086853027344,0.11227348446846008
95,194560,333.4110000000002,775.0,2,nan,23.272682189941406,-0.004384380765259266,46.556007385253906,0.09376253187656403
96,196608,348.377,788.0,2,nan,19.424942016601562,-0.0026211272925138474,38.856632232666016,0.07530108094215393
97,198656,329.8919999999999,775.0,2,nan,22.381553649902344,-0.0020867139101028442,44.76937484741211,0.1046464741230011
98,200704,319.90400000000017,763.0,2,nan,22.462142944335938,-0.0032655224204063416,44.93244171142578,0.08128637075424194
99,202752,337.72100000000023,757.5,2,nan,21.780555725097656,-0.0007993686012923717,43.563941955566406,0.06161969155073166
100,204800,340.4375,779.5,2,330.2355,22.05274200439453,-0.0055380929261446,44.118743896484375,0.10926778614521027
101,206848,331.828,772.5,2,nan,19.55583953857422,-0.0010338108986616135,39.11528015136719,0.076605886220932
102,208896,360.1842499999999,800.0,2,nan,25.913307189941406,0.0009654704481363297,51.82826232910156,0.17895293235778809
103,210944,314.83425,759.0,2,nan,24.974687576293945,-0.009845783933997154,49.97111511230469,0.10239359736442566
104,212992,319.52150000000006,762.5,2,nan,22.787124633789062,0.00012284796684980392,45.57542419433594,0.0709749311208725
105,215040,339.1575,779.5,2,nan,23.524110794067383,-0.0030801668763160706,47.05614471435547,0.08817487955093384
106,217088,343.4584999999999,781.0,2,nan,23.327220916748047,-0.0025842799805104733,46.66182327270508,0.11069032549858093
107,219136,356.07449999999983,796.0,2,nan,29.994247436523438,-0.0035856403410434723,59.997650146484375,0.09913299977779388
108,221184,341.43275000000006,782.0,2,nan,23.282331466674805,-0.007058214396238327,46.580963134765625,0.10918478667736053
109,223232,350.52925,790.0,2,nan,25.78044891357422,-0.004075787961483002,51.57152557373047,0.12388716638088226
110,225280,332.84875,761.5,2,nan,26.678346633911133,-0.002144278958439827,53.36249542236328,0.07560999691486359
111,227328,337.11024999999984,777.5,2,nan,20.727012634277344,-0.007376760244369507,41.47126770019531,0.12447698414325714
112,229376,338.9965000000001,780.5,2,nan,24.323135375976562,0.0009840317070484161,48.645469665527344,0.058418888598680496
113,231424,359.3855,795.5,2,nan,24.946014404296875,-0.0019347034394741058,49.897865295410156,0.09831628948450089
114,233472,357.47775,784.0,2,nan,23.085121154785156,-0.0011900737881660461,46.17424774169922,0.08122337609529495
115,235520,328.52925000000005,773.0,2,nan,22.19622230529785,-0.00047492608428001404,44.39424133300781,0.04235069453716278
116,237568,350.8475000000002,789.5,2,nan,21.11280632019043,-0.004507753066718578,42.23674011230469,0.10560163110494614
117,239616,333.90150000000006,767.5,2,nan,23.51698875427246,-0.00028572604060173035,47.03578186035156,0.06163869798183441
118,241664,334.49149999999986,776.5,2,nan,20.270709991455078,0.00024423748254776,40.54166793823242,0.036874063313007355
119,243712,315.0732499999999,759.0,2,nan,21.64870262145996,-0.0014253519475460052,43.30097579956055,0.03600369393825531
120,245760,337.067,777.0,2,nan,22.304935455322266,-0.006587863899767399,44.62468719482422,0.08204725384712219
121,247808,340.2952499999999,780.0,2,nan,25.61650276184082,-0.004293628036975861,51.24315643310547,0.07814107835292816
122,249856,323.46725,765.5,2,nan,21.23558235168457,-0.005544254556298256,42.483314514160156,0.053153086453676224
123,251904,348.89525000000026,789.5,2,nan,25.06466293334961,-0.004508525133132935,50.13964080810547,0.0649484246969223
124,253952,333.77400000000017,772.0,2,nan,23.576568603515625,-0.0009944131597876549,47.156131744384766,0.05031728744506836
125,256000,344.9992500000003,787.0,2,339.33799999999997,21.209657669067383,-0.0003304295241832733,42.421356201171875,0.06893611699342728
126,258048,356.5802500000002,798.5,2,nan,25.654930114746094,-0.0013964679092168808,51.3138427734375,0.05952204763889313
127,260096,321.32849999999996,763.0,2,nan,25.307924270629883,-0.0030531873926520348,50.62255096435547,0.029763733968138695
128,262144,343.57575,783.5,2,nan,24.569141387939453,-0.0008773542940616608,49.14139938354492,0.06814047694206238
129,264192,329.73024999999984,771.0,2,nan,23.979366302490234,-0.0023092441260814667,47.96408462524414,0.03669698163866997
130,266240,341.3410000000001,784.0,2,nan,22.423999786376953,-0.0022479239851236343,44.85370635986328,0.060523491352796555
131,268288,349.1795000000002,791.5,2,nan,21.97500228881836,-0.0012241890653967857,43.95335388183594,0.045016221702098846
132,270336,334.1235000000001,775.5,2,nan,24.10577392578125,-0.0025748293846845627,48.21759033203125,0.04467717558145523
133,272384,353.56924999999984,793.5,2,nan,24.68337059020996,-0.0013332311064004898,49.37010955810547,0.03509637340903282
134,274432,335.4117500000002,777.5,2,nan,22.514545440673828,-0.0024760793894529343,45.0346794128418,0.031776003539562225
135,276480,329.58399999999995,769.5,2,nan,23.334379196166992,-0.0032567381858825684,46.67613220214844,0.04302261769771576
136,278528,361.0897500000001,800.0,2,nan,26.43767738342285,-0.0018297210335731506,52.87994384765625,0.0464496910572052
137,280576,356.8857499999999,800.5,2,nan,24.79604721069336,-0.0002955123782157898,49.59331130981445,0.031237062066793442
138,282624,326.13249999999994,766.5,2,nan,25.404251098632812,-0.002480441704392433,50.81406784057617,0.03032636269927025
139,284672,353.0195000000001,790.0,2,nan,26.143123626708984,-0.0011678216978907585,52.29046630859375,0.09420448541641235
140,286720,335.2677500000001,778.0,2,nan,23.921875,-0.0014478154480457306,47.84735107421875,0.03526868671178818
141,288768,345.5587499999999,780.5,2,nan,24.724842071533203,-0.00024752039462327957,49.450927734375,0.037401486188173294
142,290816,346.7855000000002,788.0,2,nan,21.334491729736328,0.00021502934396266937,42.669185638427734,0.031629860401153564
143,292864,352.72025000000014,784.5,2,nan,24.444644927978516,-0.0003310050815343857,48.89080810546875,0.042856134474277496
144,294912,314.3277499999998,757.5,2,nan,20.765544891357422,-0.0012202020734548569,41.534461975097656,0.04652848839759827
145,296960,361.50050000000016,801.5,2,nan,28.058324813842773,-0.0015445011667907238,56.12067794799805,0.04698048159480095
146,299008,342.1882499999999,768.5,2,nan,23.798015594482422,-0.0009188130497932434,47.598567962646484,0.03494234383106232
147,301056,360.3322499999998,799.0,2,nan,22.824047088623047,-0.0005935132503509521,45.650333404541016,0.052534475922584534
148,303104,348.38649999999984,782.5,2,nan,27.181798934936523,-0.0018235072493553162,54.36784744262695,0.030097782611846924
149,305152,319.6764999999999,762.0,2,nan,25.439281463623047,-0.0010795621201395988,50.8814811706543,0.038008783012628555
150,307200,334.455,762.5,2,339.35920000000004,24.775671005249023,-0.001127501018345356,49.554527282714844,0.04648652672767639
151,309248,324.9387499999999,764.5,2,nan,21.174663543701172,-0.0012567853555083275,42.352455139160156,0.03078579716384411
152,311296,316.65549999999996,750.5,2,nan,21.973331451416016,-0.0029236525297164917,43.95307159423828,0.02799801342189312
153,313344,346.37224999999995,789.0,2,nan,22.79777717590332,-0.0023498106747865677,45.6009635925293,0.03548313304781914
154,315392,338.1049999999999,771.5,2,nan,24.689350128173828,-0.0006265267729759216,49.38056945800781,0.030793264508247375
155,317440,338.548,774.5,2,nan,22.37117576599121,-0.0030351728200912476,44.74912643432617,0.03514517471194267
156,319488,339.87975000000006,781.5,2,nan,24.242759704589844,-0.003489157184958458,48.49333190917969,0.0416848324239254
157,321536,328.451,757.5,2,nan,21.927322387695312,-0.0012582466006278992,43.857574462890625,0.0206056609749794
158,323584,342.0910000000001,776.5,2,nan,23.24628448486328,-0.0018062014132738113,46.49684524536133,0.03327879309654236
159,325632,346.722,787.0,2,nan,23.99363136291504,0.0006771059706807137,47.98656463623047,0.03288020193576813
160,327680,340.78324999999984,782.5,2,nan,25.429372787475586,-0.0005583725869655609,50.860939025878906,0.053822778165340424
161,329728,322.13649999999996,753.5,2,nan,23.927663803100586,-0.003186511807143688,47.86244583129883,0.03721178323030472
162,331776,335.7385000000003,778.0,2,nan,22.806072235107422,-0.004143405705690384,45.621185302734375,0.03766268491744995
163,333824,322.2654999999999,763.5,2,nan,23.46611785888672,-0.0007049990817904472,46.93409729003906,0.022636238485574722
164,335872,342.61775,785.0,2,nan,25.410171508789062,-0.0030068065971136093,50.82719421386719,0.04194340854883194
165,337920,347.7142500000001,769.5,2,nan,25.51252555847168,-0.004042312502861023,51.034210205078125,0.0537254624068737
166,339968,336.31699999999995,766.5,2,nan,24.306428909301758,-0.0028485246002674103,48.618873596191406,0.015963729470968246
167,342016,356.71799999999985,792.5,2,nan,25.60498046875,-0.0012861862778663635,51.213008880615234,0.02379661798477173
168,344064,330.2567500000001,773.5,2,nan,22.59819984436035,-0.0029807761311531067,45.203208923339844,0.04234129190444946
169,346112,339.7102500000001,782.0,2,nan,25.616167068481445,0.0013379007577896118,51.230308532714844,0.03247205913066864
170,348160,346.2674999999997,786.5,2,nan,23.307241439819336,-0.0023338012397289276,46.61952590942383,0.01871676743030548
171,350208,349.00649999999996,787.0,2,nan,23.360857009887695,-0.004830466583371162,46.73234558105469,0.04857220873236656
172,352256,361.9837499999998,800.0,2,nan,24.969425201416016,0.0008277371525764465,49.937965393066406,0.03847555071115494
173,354304,336.1484999999999,778.5,2,nan,21.524723052978516,-0.002577468752861023,43.05512619018555,0.026297498494386673
174,356352,329.66425000000004,768.0,2,nan,24.837556838989258,-0.0013497062027454376,49.678192138671875,0.019014941528439522
175,358400,348.03100000000006,787.5,2,342.5404,25.008359909057617,-0.001137872226536274,50.019405364990234,0.020447328686714172
176,360448,333.94050000000004,760.5,2,nan,21.86754608154297,-0.0010909419506788254,43.737571716308594,0.01494925282895565
177,362496,327.2504999999999,770.0,2,nan,21.750232696533203,-0.003414597362279892,43.50834274291992,0.052477531135082245
178,364544,347.48350000000005,765.0,2,nan,23.882362365722656,-0.0015453770756721497,47.7683219909668,0.02538975141942501
179,366592,320.97249999999997,741.5,2,nan,25.021516799926758,-0.0007359907031059265,50.04472351074219,0.01094235572963953
180,368640,334.74299999999994,758.0,2,nan,23.97432518005371,-0.0036787204444408417,47.95648193359375,0.023697897791862488
181,370688,324.7875000000001,766.0,2,nan,22.04230308532715,-0.0007280129939317703,44.08648681640625,0.02128424122929573
182,372736,361.97050000000013,800.0,2,nan,25.983598709106445,0.005496591329574585,51.95689010620117,0.03437091410160065
183,374784,350.07775000000004,781.5,2,nan,24.158472061157227,0.0007098447531461716,48.3162841796875,0.03799690306186676
184,376832,323.2292500000001,764.0,2,nan,22.510269165039062,-0.0013999175280332565,45.02375030517578,0.020683564245700836
185,378880,331.57475000000005,773.5,2,nan,25.087984085083008,-0.0008421130478382111,50.17818069458008,0.026444286108016968
186,380928,328.3112499999999,759.5,2,nan,25.157548904418945,-0.00010025501251220703,50.315792083740234,0.024754725396633148
187,382976,360.67575,800.0,2,nan,23.08308219909668,-0.004292722791433334,46.17540740966797,0.032912854105234146
188,385024,359.9730000000001,799.5,2,nan,21.3074951171875,-0.0001905057579278946,42.616050720214844,0.03394109755754471
189,387072,344.79549999999983,779.5,2,nan,23.9935245513916,-0.0012969821691513062,47.99011993408203,0.0239162128418684
190,389120,315.1547500000001,757.5,2,nan,21.629314422607422,-0.0014352332800626755,43.26177978515625,0.013930012471973896
191,391168,338.02049999999986,779.5,2,nan,22.57253074645996,3.448501229286194e-05,45.14516067504883,0.008436694741249084
192,393216,338.7950000000001,775.5,2,nan,22.039230346679688,-0.001716802828013897,44.08211898803711,0.01131286472082138
193,395264,331.28200000000004,770.0,2,nan,25.12767791748047,-0.002375047653913498,50.26051330566406,0.020284343510866165
194,397312,334.82574999999986,776.0,2,nan,21.76254653930664,-0.004270147532224655,43.53404235839844,0.020502865314483643
195,399360,323.5202499999999,768.0,2,nan,25.49875259399414,-0.0020691417157649994,51.0020751953125,0.02165117859840393
196,401408,339.54424999999975,779.0,2,nan,20.114177703857422,-0.0025993715971708298,40.23408889770508,0.026717515662312508
197,403456,362.4652500000001,800.0,2,nan,25.715171813964844,0.0002682693302631378,51.430084228515625,0.013870458118617535
198,405504,321.576,760.0,2,nan,21.133058547973633,-0.0013267360627651215,42.26913833618164,0.01831210032105446
199,407552,355.53025,793.5,2,nan,23.62340545654297,-0.0007978808134794235,47.24861145019531,0.01022972259670496
200,409600,353.01675,792.0,2,339.9733,25.066041946411133,-0.0035446248948574066,50.13957214355469,0.01985752210021019
201,411648,356.55775000000006,796.5,2,nan,21.545886993408203,-0.0013371240347623825,43.09457778930664,0.006566999480128288
202,413696,358.01825000000014,798.0,2,nan,25.527828216552734,0.001598898321390152,51.05277633666992,0.01596222259104252
203,415744,323.89075,767.0,2,nan,22.114397048950195,-0.0011121034622192383,44.23113250732422,0.00579963531345129
204,417792,345.60075000000006,780.0,2,nan,23.50284767150879,-0.0014915475621819496,47.00921630859375,0.026836097240447998
205,419840,361.96724999999986,798.0,2,nan,25.25359344482422,-0.00221334770321846,50.511863708496094,0.012426681816577911
206,421888,320.86425000000014,758.5,2,nan,23.2037410736084,-0.003628294914960861,46.41510772705078,0.01838676817715168
207,423936,340.3055000000002,765.0,2,nan,23.13797378540039,0.0010125739499926567,46.274200439453125,0.013815411366522312
208,425984,345.43724999999984,777.5,2,nan,23.18917465209961,-0.0015313541516661644,46.381752014160156,0.016913099214434624
209,428032,346.59349999999995,789.0,2,nan,23.682846069335938,-0.0026001110672950745,47.371368408203125,0.023861411958932877
210,430080,347.40250000000015,788.0,2,nan,26.062732696533203,0.0008269771933555603,52.124229431152344,0.02083827741444111
211,432128,339.70925,782.0,2,nan,23.10216522216797,-0.0028421953320503235,46.21033477783203,0.01600450649857521
212,434176,335.7827500000001,771.0,2,nan,23.341365814208984,-0.002952881157398224,46.689151763916016,0.0257267989218235
213,436224,344.58899999999994,772.0,2,nan,23.158931732177734,-0.0022428035736083984,46.32283020019531,0.024111798033118248
214,438272,344.887,774.0,2,nan,23.492462158203125,-0.002721814438700676,46.990867614746094,0.024928949773311615
215,440320,345.1632500000001,785.5,2,nan,25.499786376953125,-0.0018743383698165417,51.003761291503906,0.022030184045433998
216,442368,360.714,789.0,2,nan,23.088594436645508,-0.0027269795536994934,46.18318176269531,0.02688414976000786
217,444416,330.92225,773.0,2,nan,23.545560836791992,-0.0017319023609161377,47.09503173828125,0.022256020456552505
218,446464,353.99075000000005,778.0,2,nan,24.70122528076172,-0.003346618264913559,49.40955352783203,0.020574690774083138
219,448512,360.02600000000007,800.0,2,nan,26.407283782958984,-0.0019478276371955872,52.818878173828125,0.020724963396787643
220,450560,355.05825,791.5,2,nan,23.089693069458008,0.0015598796308040619,46.17675018310547,0.02409704029560089
221,452608,347.9092499999999,790.0,2,nan,22.74917221069336,-0.002507265657186508,45.503849029541016,0.02443874441087246
222,454656,346.2992499999999,782.5,2,nan,24.29599952697754,-0.0009898459538817406,48.594295501708984,0.015882637351751328
223,456704,351.47625000000016,785.0,2,nan,23.44215202331543,-0.0023890724405646324,46.88945770263672,0.018821217119693756
224,458752,322.83074999999997,759.5,2,nan,26.74295997619629,-0.0009881556034088135,53.488433837890625,0.026817383244633675
225,460800,357.93825000000004,787.5,2,330.8517,23.931781768798828,-0.0029384195804595947,47.869834899902344,0.01974939927458763
226,462848,323.2177500000003,764.0,2,nan,22.58564567565918,-0.00231846421957016,45.17625427246094,0.01623145118355751
227,464896,332.36699999999985,770.0,2,nan,25.55116081237793,-0.0010603517293930054,51.104957580566406,0.025812409818172455
228,466944,320.3185,762.0,2,nan,22.660003662109375,-0.004220984876155853,45.32884216308594,0.019627004861831665
229,468992,352.24275,790.5,2,nan,26.106979370117188,-0.0005661025643348694,52.21529769897461,0.01026098057627678
230,471040,337.2775,777.5,2,nan,22.85691261291504,-0.0002242857590317726,45.71470260620117,0.02145211026072502
231,473088,348.9359999999999,788.0,2,nan,24.30683708190918,9.915418922901154e-05,48.613929748535156,0.022656144574284554
232,475136,335.86074999999994,766.5,2,nan,24.404272079467773,-0.0013317987322807312,48.81165313720703,0.02217673510313034
233,477184,342.70050000000003,767.0,2,nan,24.904850006103516,-0.0025626011192798615,49.81525421142578,0.021533889696002007
234,479232,340.7905000000002,778.0,2,nan,25.514543533325195,-0.0009324252605438232,51.03143310546875,0.024121221154928207
235,481280,360.3967499999999,792.0,2,nan,21.98177719116211,0.00044610537588596344,43.96332550048828,0.033175960183143616
236,483328,337.0897500000001,778.0,2,nan,22.76569175720215,-0.0005853902548551559,45.532958984375,0.0202900730073452
237,485376,338.01199999999994,774.0,2,nan,24.871280670166016,-0.002615954726934433,49.748252868652344,0.022996913641691208
238,487424,319.50874999999996,760.0,2,nan,21.994491577148438,-0.0008448455482721329,43.99100112915039,0.016476884484291077
239,489472,317.303,762.0,2,nan,19.227157592773438,-0.0002777557820081711,38.455047607421875,0.008838783949613571
240,491520,360.1172499999999,788.5,2,nan,24.626018524169922,-0.0008587948977947235,49.25416564941406,0.020540013909339905
241,493568,323.18399999999997,763.5,2,nan,22.6218318939209,-0.0031843483448028564,45.25040817260742,0.01885002851486206
242,495616,324.067,766.5,2,nan,22.333736419677734,-0.003384612500667572,44.675071716308594,0.041400447487831116
243,497664,340.2895000000001,785.0,2,nan,24.39789581298828,-0.0004124213010072708,48.79712677001953,0.025511568412184715
244,499712,359.11149999999975,800.0,2,nan,26.08462142944336,-0.005346918478608131,52.180519104003906,0.02913087233901024
245,501760,340.8152500000001,781.0,2,nan,23.64923095703125,8.855760097503662e-05,47.29843521118164,0.007521969731897116
246,503808,322.51324999999997,765.0,2,nan,24.301219940185547,-0.0014085117727518082,48.6058464050293,0.029430318623781204
247,505856,345.67600000000004,772.0,2,nan,25.13517189025879,-0.0030524972826242447,50.27703094482422,0.02913234382867813
248,507904,345.10200000000003,777.5,2,nan,23.990896224975586,0.0003932677209377289,47.98143005371094,0.021245773881673813
249,509952,339.1160000000001,778.0,2,nan,24.769004821777344,-0.0022768545895814896,49.5428581237793,0.014704716391861439
250,512000,324.0922500000002,767.0,2,341.3211000000001,25.645225524902344,-0.001667265547439456,51.294189453125,0.02021222934126854
251,514048,341.24225,782.0,2,nan,26.191064834594727,0.0003004595637321472,52.381813049316406,0.014162358827888966
252,516096,342.50424999999984,771.5,2,nan,24.58742904663086,-0.0022150948643684387,49.179649353027344,0.018027413636446
253,518144,334.3100000000002,776.0,2,nan,25.484378814697266,-0.0004782825708389282,50.969940185546875,0.011249779723584652
254,520192,336.9720000000002,779.0,2,nan,23.735149383544922,-0.0028479676693677902,47.476173400878906,0.008948573842644691
255,522240,338.1517500000001,781.0,2,nan,21.40914535522461,-0.0007150173187255859,42.820289611816406,0.02842925861477852
256,524288,339.77525,774.5,2,nan,24.25483512878418,-0.0014248602092266083,48.513282775878906,0.03809605911374092
257,526336,344.3922500000001,786.0,2,nan,23.563091278076172,-0.003341618925333023,47.13330078125,0.02180490829050541
258,528384,320.55824999999993,753.5,2,nan,24.32145118713379,-0.0013147108256816864,48.64609146118164,0.027954474091529846
259,530432,330.91300000000007,773.0,2,nan,21.169029235839844,-0.0033476348035037518,42.34513473510742,0.018997209146618843
260,532480,348.5377499999999,787.0,2,nan,22.804576873779297,-0.001054888591170311,45.61167907714844,0.020810041576623917
261,534528,335.40499999999975,775.0,2,nan,25.98153305053711,-0.004008326679468155,51.97145080566406,0.0183603186160326
262,536576,325.5395000000001,768.0,2,nan,20.39572525024414,-0.0016580820083618164,40.79509735107422,0.016506612300872803
263,538624,359.9980000000001,800.0,2,nan,23.464635848999023,-0.003153650090098381,46.936195373535156,0.03075527213513851
264,540672,344.59125,783.5,2,nan,24.211896896362305,-0.001508362591266632,48.42714309692383,0.016544975340366364
265,542720,319.84899999999993,751.0,2,nan,22.90082550048828,-0.0019137319177389145,45.80604553222656,0.028337622061371803
266,544768,346.63549999999987,775.5,2,nan,22.960071563720703,-0.0013772137463092804,45.92321014404297,0.015652131289243698
267,546816,315.0277500000002,756.0,2,nan,24.189834594726562,-0.0021747667342424393,48.384552001953125,0.026613030582666397
268,548864,329.53599999999994,772.0,2,nan,21.703125,-0.0015435218811035156,43.4099235534668,0.029295604676008224
269,550912,322.3962499999999,765.0,2,nan,24.630386352539062,-0.0017513707280158997,49.2646484375,0.018680518493056297
270,552960,339.9767499999999,779.0,2,nan,23.099510192871094,0.0010350309312343597,46.19742965698242,0.023962493985891342
271,555008,333.7227500000001,771.0,2,nan,23.8825740814209,-0.003126204013824463,47.772010803222656,0.03048642911016941
272,557056,329.97575000000006,771.0,2,nan,25.444067001342773,-0.004932824522256851,50.898590087890625,0.029531152918934822
273,559104,345.4677499999999,761.5,2,nan,24.05919075012207,-0.0005580782890319824,48.120052337646484,0.027749627828598022
274,561152,333.3359999999999,775.0,2,nan,19.163026809692383,-0.006332622841000557,38.33943557739258,0.035786278545856476
275,563200,334.85950000000014,767.0,2,343.2709,25.178876876831055,-0.003681601956486702,50.36567306518555,0.027735713869333267
276,565248,329.2455000000001,759.0,2,nan,24.803510665893555,-0.002444082871079445,49.61269760131836,0.03940705582499504
277,567296,357.29075000000023,798.5,2,nan,23.42822265625,-0.00033308006823062897,46.857635498046875,0.026196233928203583
278,569344,355.3447500000001,781.5,2,nan,25.479961395263672,-0.004249323159456253,50.969268798828125,0.04232853651046753
279,571392,358.15949999999975,798.5,2,nan,20.77045249938965,-0.0019317995756864548,41.5452995300293,0.026630889624357224
280,573440,349.66050000000007,785.0,2,nan,23.285104751586914,-0.0032391827553510666,46.577247619628906,0.027924276888370514
281,575488,324.78100000000006,759.0,2,nan,21.594425201416016,-0.0014246255159378052,43.192195892333984,0.02473277971148491
282,577536,324.0392500000001,766.5,2,nan,26.41861915588379,-0.0018761632964015007,52.84141540527344,0.0212568249553442
283,579584,337.4410000000002,775.5,2,nan,21.34313201904297,-0.00016037002205848694,42.686851501464844,0.01335638202726841
284,581632,342.00474999999983,778.5,2,nan,26.261938095092773,-0.004059742204844952,52.53276062011719,0.03829900547862053
285,583680,328.7852499999999,764.0,2,nan,24.382640838623047,-0.0028481371700763702,48.7713737487793,0.019853368401527405
286,585728,328.9170000000001,771.0,2,nan,26.61702537536621,-0.0009959843009710312,53.23638916015625,0.01736663468182087
287,587776,323.1750000000002,764.0,2,nan,22.010433197021484,-0.003627810627222061,44.02873229980469,0.03046259470283985
288,589824,351.9620000000001,792.0,2,nan,22.996654510498047,-0.0020358599722385406,45.997901916503906,0.025983573868870735
289,591872,340.99275000000006,773.0,2,nan,26.53675651550293,-0.0022160597145557404,53.078433990478516,0.02453024499118328
290,593920,342.82150000000007,785.0,2,nan,23.53021240234375,-0.0006453599780797958,47.06226348876953,0.02748952992260456
291,595968,330.6912500000001,770.5,2,nan,21.10529899597168,-0.0029134321957826614,42.21723937988281,0.04066593199968338
292,598016,343.075,785.0,2,nan,19.63167953491211,9.062886238098145e-05,39.26356887817383,0.01959412917494774
293,600064,347.7817499999999,789.0,2,nan,24.356365203857422,-0.0013422556221485138,48.71592330932617,0.025351185351610184
294,602112,360.05550000000005,801.0,2,nan,23.61064338684082,-0.0008347276598215103,47.22349548339844,0.02687838301062584
295,604160,335.05275000000006,777.0,2,nan,23.029146194458008,0.0003647319972515106,46.05779266357422,0.011469303630292416
296,606208,343.67125,774.5,2,nan,25.128671646118164,-0.004447704181075096,50.26715850830078,0.045966729521751404
297,608256,333.85974999999985,775.5,2,nan,22.79962158203125,-1.4062970876693726e-07,45.59996795654297,0.03627323359251022
298,610304,340.66549999999995,782.5,2,nan,23.539024353027344,-0.004474464803934097,47.087677001953125,0.03395543992519379
299,612352,361.5705000000002,796.5,2,nan,25.855480194091797,-0.002882227301597595,51.717960357666016,0.06176617741584778
300,614400,360.23675000000014,793.0,2,332.8077000000001,23.431495666503906,-0.0007671527564525604,46.865379333496094,0.04273016005754471
301,616448,335.4282500000002,774.5,2,nan,26.82012367248535,-0.001108814962208271,53.643463134765625,0.04993852600455284
302,618496,342.5802500000001,784.0,2,nan,21.79371452331543,-0.0019256584346294403,43.591705322265625,0.021322932094335556
303,620544,325.2902499999999,763.5,2,nan,20.740108489990234,-0.0032233279198408127,41.48752212524414,0.04287467524409294
304,622592,344.44550000000015,760.0,2,nan,25.543214797973633,-0.0007585473358631134,51.08857727050781,0.0314582958817482
305,624640,326.80875000000026,769.0,2,nan,22.0322322845459,-0.003296544775366783,44.07205581665039,0.049836549907922745
306,626688,342.6360000000001,784.5,2,nan,24.871131896972656,-0.0012758001685142517,49.7452278137207,0.02063138224184513
307,628736,327.64225,770.0,2,nan,18.60434913635254,-0.0009043551981449127,37.211669921875,0.0580856017768383
308,630784,347.96199999999993,787.5,2,nan,22.080507278442383,-0.00309666246175766,44.16764450073242,0.021866489201784134
309,632832,340.601,765.0,2,nan,24.064836502075195,-0.0008333157747983932,48.1320915222168,0.037543296813964844
310,634880,338.09775,778.5,2,nan,22.64159393310547,-0.0033181440085172653,45.290611267089844,0.03930070623755455
311,636928,359.8459999999999,799.0,2,nan,21.542760848999023,-0.0006690360605716705,43.08734130859375,0.024125412106513977
312,638976,339.17825000000005,779.5,2,nan,25.59591293334961,-0.0068307723850011826,51.20709991455078,0.08065956830978394
313,641024,343.0195,785.0,2,nan,19.420852661132812,-0.0015406608581542969,38.84574890136719,0.048086024820804596
314,643072,328.7710000000002,771.0,2,nan,23.115032196044922,-0.0020772935822606087,46.23531723022461,0.054961107671260834
315,645120,324.3529999999999,765.5,2,nan,22.43472671508789,-0.005010619759559631,44.88041305541992,0.04683045297861099
316,647168,338.5837500000001,777.5,2,nan,25.608800888061523,-0.004777643829584122,51.2282829284668,0.056327927857637405
317,649216,351.5162499999999,789.5,2,nan,23.815128326416016,-0.003449313808232546,47.63833236694336,0.05884247273206711
318,651264,323.62075000000004,767.5,2,nan,24.118757247924805,-0.0029459167271852493,48.244285583496094,0.0439603328704834
319,653312,353.8739999999999,786.0,2,nan,23.95303726196289,-0.004184050485491753,47.91541290283203,0.04858836159110069
320,655360,342.05049999999994,783.0,2,nan,20.891021728515625,-0.0029379166662693024,41.78920364379883,0.06428549438714981
321,657408,335.4855000000001,768.5,2,nan,24.10537338256836,-0.002553805708885193,48.216800689697266,0.04732198268175125
322,659456,326.52750000000003,764.5,2,nan,22.992794036865234,-0.0030969567596912384,45.993186950683594,0.0703391581773758
323,661504,327.77124999999995,770.0,2,nan,23.941648483276367,-0.005200333893299103,47.89573669433594,0.1019701212644577
324,663552,345.5614999999999,776.0,2,nan,22.943206787109375,-0.004974648356437683,45.898223876953125,0.09304507076740265
325,665600,327.27525,768.0,2,326.24539999999996,21.966463088989258,-0.007162414491176605,43.9495849609375,0.11677885055541992
326,667648,317.631,753.0,2,nan,24.978042602539062,-0.0004322160966694355,49.95791244506836,0.048083022236824036
327,669696,324.57950000000005,752.0,2,nan,23.744678497314453,-0.005346506834030151,47.502586364746094,0.12683984637260437
328,671744,326.5274999999999,769.0,2,nan,23.30552101135254,-0.002366742119193077,46.6171760559082,0.06995929777622223
329,673792,314.041,754.5,2,nan,20.63068199157715,-0.0034235119819641113,41.27000427246094,0.08965958654880524
330,675840,334.597,757.0,2,nan,25.248247146606445,0.0011004433035850525,50.495513916015625,0.06107255816459656
331,677888,328.94374999999985,769.5,2,nan,24.583423614501953,-0.0012090066447854042,49.17049789428711,0.06165561452507973
332,679936,359.20149999999995,798.5,2,nan,23.249435424804688,-0.00284605473279953,46.50616455078125,0.08001340925693512
333,681984,345.37224999999984,779.5,2,nan,22.075773239135742,-3.580749034881592e-05,44.153541564941406,0.09618959575891495
334,684032,345.0190000000001,784.5,2,nan,23.093900680541992,-0.004739724099636078,46.19979476928711,0.12578275799751282
335,686080,341.46675000000005,783.5,2,nan,20.31354522705078,-0.004593216814100742,40.638607025146484,0.11653120815753937
336,688128,331.43150000000014,774.5,2,nan,21.651065826416016,-0.00048686936497688293,43.304420471191406,0.06582963466644287
337,690176,334.8665,775.0,2,nan,24.89891242980957,-0.0008578188717365265,49.80100631713867,0.07320836186408997
338,692224,336.81400000000014,777.5,2,nan,21.699495315551758,-0.002557540312409401,43.40601348876953,0.09547033160924911
339,694272,343.86749999999984,787.0,2,nan,20.915786743164062,-0.0010094381868839264,41.8346061706543,0.05070466920733452
340,696320,323.0152499999999,765.0,2,nan,25.044687271118164,-0.00695883110165596,50.10588836669922,0.12987977266311646
341,698368,338.26475000000005,781.5,2,nan,24.045791625976562,-0.005832078866660595,48.105796813964844,0.1274089217185974
342,700416,325.71274999999986,766.5,2,nan,22.419221878051758,-0.00069454126060009,44.84203338623047,0.11009061336517334
343,702464,340.24749999999995,781.5,2,nan,23.221248626708984,-0.004264790564775467,46.45320129394531,0.10863402485847473
344,704512,339.40325000000007,783.0,2,nan,25.564037322998047,-0.00014580227434635162,51.13146209716797,0.1547347605228424
345,706560,316.80624999999986,760.0,2,nan,22.8720703125,-0.00425737863406539,45.75456619262695,0.09563422203063965
346,708608,347.8725000000001,781.0,2,nan,26.83531951904297,-0.008387746289372444,53.68975830078125,0.11725516617298126
347,710656,341.3605,777.5,2,nan,24.85844612121582,-0.006633000448346138,49.732696533203125,0.1268218606710434
348,712704,330.07074999999986,769.5,2,nan,26.021709442138672,-0.0027771759778261185,52.05072784423828,0.08768940716981888
349,714752,345.7937500000001,784.0,2,nan,24.69207763671875,-0.00582139752805233,49.39878845214844,0.1494242250919342
350,716800,346.8720000000002,789.0,2,341.6719,21.900569915771484,-0.00623784214258194,43.81599426269531,0.11893348395824432
351,718848,331.925,774.0,2,nan,21.162111282348633,-0.00242035835981369,42.33134841918945,0.11418305337429047
352,720896,319.5162499999999,749.5,2,nan,22.208518981933594,-0.005178973078727722,44.4305534362793,0.1578957438468933
353,722944,331.97400000000016,773.5,2,nan,23.282047271728516,-0.00610940158367157,46.57892608642578,0.13069497048854828
354,724992,322.6664999999999,752.5,2,nan,23.95354652404785,-0.007067922502756119,47.92396545410156,0.13681745529174805
355,727040,330.977,773.5,2,nan,22.252126693725586,-0.0018113460391759872,44.511085510253906,0.16051852703094482
356,729088,336.4462500000001,759.0,2,nan,26.703683853149414,-0.00814671441912651,53.42781066894531,0.2075691521167755
357,731136,332.6105,775.0,2,nan,22.658447265625,-0.0009183958172798157,45.32102966308594,0.11485119163990021
358,733184,330.42075,764.5,2,nan,22.80436897277832,-0.0017673410475254059,45.616180419921875,0.19534188508987427
359,735232,359.39200000000017,790.0,2,nan,23.253934860229492,-0.005884543061256409,46.52277374267578,0.15672695636749268
360,737280,322.08725000000004,763.0,2,nan,22.25156021118164,-0.006183423101902008,44.51884460449219,0.16783584654331207
361,739328,357.5519999999998,787.5,2,nan,22.45290184020996,-0.004765704274177551,44.91880798339844,0.1735982894897461
362,741376,321.5167500000001,760.0,2,nan,25.888460159301758,-0.00204656645655632,51.78449249267578,0.17393773794174194
363,743424,341.0067500000001,781.5,2,nan,20.96000099182129,-0.003070862963795662,41.929420471191406,0.16377665102481842
364,745472,335.15674999999976,766.5,2,nan,20.39572525024414,-0.005587724037468433,40.80547332763672,0.1423257291316986
365,747520,332.65025,761.5,2,nan,22.24425506591797,-0.008944489061832428,44.51039505004883,0.19985413551330566
366,749568,350.15675000000016,790.5,2,nan,22.9322566986084,-0.003060290589928627,45.873565673828125,0.14655357599258423
367,751616,323.88424999999995,764.0,2,nan,22.68971824645996,-0.007492531090974808,45.398006439208984,0.17921051383018494
368,753664,340.57425000000023,783.0,2,nan,22.136066436767578,-0.0011986065655946732,44.27674102783203,0.11058107763528824
369,755712,340.14075,781.5,2,nan,23.872451782226562,-0.004380000755190849,47.756103515625,0.12197453528642654
370,757760,315.5587499999999,756.5,2,nan,21.62592124938965,-0.004451798275113106,43.26332092285156,0.12878119945526123
371,759808,359.29375000000016,790.5,2,nan,21.35406494140625,-0.004717416130006313,42.72057342529297,0.15047430992126465
372,761856,361.8405000000001,797.0,2,nan,25.06241798400879,0.0007476191967725754,50.12730407714844,0.1981082707643509
373,763904,327.5599999999999,758.5,2,nan,23.961017608642578,-0.007410556077957153,47.940635681152344,0.18902277946472168
374,765952,315.0030000000001,755.0,2,nan,22.87906837463379,0.0024484731256961823,45.75482177734375,0.07900609076023102
375,768000,343.11675,778.0,2,327.46809999999994,22.063383102416992,-0.0070548467338085175,44.14518356323242,0.21534042060375214
376,770048,338.2452500000003,771.5,2,nan,23.22198486328125,-0.0013752244412899017,46.44871139526367,0.0996188148856163
377,772096,343.65799999999996,780.0,2,nan,22.16912841796875,-0.004118848592042923,44.348907470703125,0.12067289650440216
378,774144,338.9364999999998,781.5,2,nan,22.481842041015625,-0.00478130578994751,44.97564697265625,0.12008172273635864
379,776192,346.78075,788.0,2,nan,21.415267944335938,-0.002732466906309128,42.83844757080078,0.12225325405597687
380,778240,338.91125000000005,768.5,2,nan,25.014305114746094,-0.003336649388074875,50.03744888305664,0.10828211158514023
381,780288,326.35425000000015,767.0,2,nan,22.196216583251953,-0.00633123517036438,44.408775329589844,0.18401116132736206
382,782336,346.4535,788.0,2,nan,22.387388229370117,-0.0010156957432627678,44.77950668334961,0.13485699892044067
383,784384,320.30600000000015,759.0,2,nan,24.70063591003418,-0.0027925707399845123,49.41094207763672,0.2042243778705597
384,786432,349.2977499999999,791.5,2,nan,21.118141174316406,-0.005674055777490139,42.25088119506836,0.16256730258464813
385,788480,325.6732500000001,767.0,2,nan,21.665029525756836,-0.0027590692043304443,43.33797073364258,0.11975875496864319
386,790528,336.0137500000001,775.5,2,nan,22.302568435668945,-0.0021803323179483414,44.61088562011719,0.06945542991161346
387,792576,359.1722499999999,800.0,2,nan,26.629446029663086,-0.006397891789674759,53.27478790283203,0.15503259003162384
388,794624,321.7957500000002,763.0,2,nan,23.206106185913086,-0.0035773739218711853,46.421512603759766,0.10727095603942871
389,796672,326.0409999999999,766.5,2,nan,21.550212860107422,-0.0019140318036079407,43.1066780090332,0.12125702202320099
390,798720,340.64525000000015,782.5,2,nan,22.540481567382812,-0.0038054632022976875,45.09077453613281,0.1099982038140297
391,800768,333.10475,773.0,2,nan,23.03079605102539,-0.003304341807961464,46.070396423339844,0.10985053330659866
392,802816,344.03525,775.0,2,nan,22.02507209777832,-0.0058170221745967865,44.06450653076172,0.13635089993476868
393,804864,343.5072499999999,786.0,2,nan,24.162046432495117,0.0009498083963990211,48.3241081237793,0.09570103883743286
394,806912,335.81525000000005,777.0,2,nan,22.74492073059082,-0.002066582441329956,45.49652862548828,0.12761306762695312
395,808960,328.4759999999999,767.0,2,nan,22.719816207885742,-0.0006848294287919998,45.44281005859375,0.09034648537635803
396,811008,313.57375,750.0,2,nan,24.719154357910156,-0.0030524330213665962,49.44645309448242,0.10194803774356842
397,813056,338.04099999999994,771.5,2,nan,23.705326080322266,-0.002175610512495041,47.41773223876953,0.13649961352348328
398,815104,346.37474999999995,782.0,2,nan,20.810733795166016,-0.004428616724908352,41.63330078125,0.14873149991035461
399,817152,325.45675000000006,765.5,2,nan,24.312875747680664,-0.002406027168035507,48.63246536254883,0.09503893554210663
400,819200,323.00125,765.5,2,331.3616999999999,22.269184112548828,-0.0006709340959787369,44.54191589355469,0.11026377975940704
401,821248,338.449,775.5,2,nan,23.50629425048828,-0.0037291552871465683,47.0218620300293,0.09067251533269882
402,823296,338.23575000000005,768.0,2,nan,24.303064346313477,-0.006713503040373325,48.622344970703125,0.13943342864513397
403,825344,344.7194999999999,771.5,2,nan,25.830947875976562,-0.003910502418875694,51.67229461669922,0.1288791298866272
404,827392,349.48724999999996,787.5,2,nan,22.897798538208008,-0.002015572041273117,45.80194091796875,0.11558741331100464
405,829440,306.0260000000002,739.5,2,nan,23.54419708251953,-0.0046443939208984375,47.10005187988281,0.11842621862888336
406,831488,312.91724999999997,745.5,2,nan,23.91716766357422,-0.002096746116876602,47.84047317504883,0.09712591022253036
407,833536,346.6337500000001,785.5,2,nan,24.765438079833984,-0.007395796477794647,49.55040740966797,0.2369387447834015
408,835584,334.3857500000001,753.5,2,nan,20.691274642944336,-0.0012006964534521103,41.386837005615234,0.09434967488050461
409,837632,334.8045000000001,777.0,2,nan,24.320627212524414,-0.0021206727251410484,48.64826965332031,0.13869166374206543
410,839680,344.8375000000001,775.5,2,nan,24.026004791259766,-0.008447259664535522,48.07366180419922,0.23795188963413239
411,841728,316.5775,759.5,2,nan,23.567014694213867,-0.0064700692892074585,47.149166107177734,0.10984589159488678
412,843776,320.52575,761.0,2,nan,20.954833984375,-0.004408802837133408,41.92131042480469,0.14133590459823608
413,845824,324.71799999999996,765.5,2,nan,24.607080459594727,-0.007228112779557705,49.23090362548828,0.11429885029792786
414,847872,330.67375000000027,772.0,2,nan,24.7050838470459,-0.006103546358644962,49.42432403564453,0.09746643900871277
415,849920,340.81025000000017,784.0,2,nan,20.590930938720703,-0.001397630199790001,41.188968658447266,0.2155778557062149
416,851968,340.7729999999998,773.5,2,nan,24.415918350219727,-0.0006901919841766357,48.835506439208984,0.1143847405910492
417,854016,321.51300000000003,762.5,2,nan,25.53525161743164,-0.0037850700318813324,51.08039474487305,0.11615847051143646
418,856064,315.97074999999995,741.0,2,nan,24.37285614013672,-0.0018821023404598236,48.75135040283203,0.09375794231891632
419,858112,304.564,732.0,2,nan,23.292667388916016,-0.0035851886495947838,46.594383239746094,0.09397554397583008
420,860160,341.9087500000003,784.0,2,nan,26.158414840698242,-0.005758774932473898,52.33005142211914,0.08522222936153412
421,862208,343.0262499999999,776.0,2,nan,20.873851776123047,-0.0020061424002051353,41.75529479980469,0.17893686890602112
422,864256,349.61974999999995,781.5,2,nan,24.82174301147461,-0.003299567848443985,49.652915954589844,0.14157991111278534
423,866304,359.35099999999983,800.0,2,nan,24.437480926513672,-0.001897553913295269,48.88069152832031,0.09671594202518463
424,868352,323.7262499999997,766.0,2,nan,24.153371810913086,-0.005003123544156551,48.31882095336914,0.10361409187316895
425,870400,319.29774999999995,761.5,2,347.42759999999987,23.602476119995117,-0.002763308584690094,47.21271514892578,0.11175129562616348
426,872448,354.39324999999997,795.0,2,nan,27.053457260131836,-0.002225644886493683,54.1131591796875,0.08957431465387344
427,874496,338.7974999999999,779.0,2,nan,22.86358642578125,-0.00604455079883337,45.742515563964844,0.16259139776229858
428,876544,307.2492499999999,750.5,2,nan,23.164573669433594,-0.0035506952553987503,46.338768005371094,0.12602147459983826
429,878592,325.55075,766.5,2,nan,22.784351348876953,-0.001255943439900875,45.57331848144531,0.10526210069656372
430,880640,329.74100000000004,768.5,2,nan,24.722732543945312,-0.0015607289969921112,49.45122528076172,0.13199982047080994
431,882688,323.46350000000007,760.5,2,nan,25.100351333618164,-0.006509736180305481,50.215919494628906,0.10981898754835129
432,884736,311.19974999999994,754.5,2,nan,24.47498893737793,-0.004490382969379425,48.961708068847656,0.13754716515541077
433,886784,317.30625,761.5,2,nan,25.404804229736328,-0.002009555697441101,50.815399169921875,0.08857989311218262
434,888832,334.80575,775.0,2,nan,22.980697631835938,-0.0029803626239299774,45.97058868408203,0.1616273820400238
435,890880,361.3912500000001,800.0,2,nan,27.364341735839844,-0.0038788747042417526,54.739952087402344,0.1754515916109085
436,892928,318.0747499999999,761.0,2,nan,21.936416625976562,9.627267718315125e-05,43.875633239746094,0.14955490827560425
437,894976,319.2364999999999,760.5,2,nan,23.44796371459961,0.00015896931290626526,46.898014068603516,0.12021279335021973
438,897024,345.3410000000001,786.0,2,nan,21.44861602783203,-0.0009429566562175751,42.901885986328125,0.138434037566185
439,899072,334.78974999999997,779.5,2,nan,22.277833938598633,-0.005430376157164574,44.56942367553711,0.1447310596704483
440,901120,307.31875,750.0,2,nan,22.458879470825195,-0.0021219179034233093,44.92333984375,0.06687034666538239
441,903168,315.49199999999996,759.5,2,nan,19.3048038482666,-0.0050161853432655334,38.62261962890625,0.1488877236843109
442,905216,311.14799999999985,743.5,2,nan,23.54538345336914,-0.004255129024386406,47.10176086425781,0.12411490082740784
443,907264,327.9127500000001,759.0,2,nan,23.2680606842041,-0.005453953519463539,46.548805236816406,0.08887763321399689
444,909312,311.1779999999999,754.5,2,nan,22.61090087890625,-0.004156708717346191,45.23329162597656,0.15883247554302216
445,911360,327.4285000000001,768.0,2,nan,21.72261619567871,-0.0032017631456255913,43.45576477050781,0.2063804566860199
446,913408,323.8565,766.0,2,nan,20.578840255737305,-0.0016588959842920303,41.16297149658203,0.09871142357587814
447,915456,335.04599999999994,772.5,2,nan,21.41044807434082,-0.00476221926510334,42.833396911621094,0.148793026804924
448,917504,325.59299999999996,767.0,2,nan,19.271282196044922,-0.0030737891793251038,38.5509147644043,0.11007536202669144
449,919552,321.94174999999996,766.5,2,nan,25.647066116333008,-0.0018985960632562637,51.299903869628906,0.09875309467315674
450,921600,320.7064999999999,762.5,2,329.99069999999995,24.45808219909668,-0.002502230927348137,48.92306137084961,0.09455017745494843
451,923648,331.6774999999999,773.5,2,nan,22.97688865661621,-0.004968591034412384,45.96492004394531,0.06027581915259361
452,925696,338.57299999999987,776.5,2,nan,22.582408905029297,-0.0006732083857059479,45.16793441772461,0.08849023282527924
453,927744,334.43500000000006,758.5,2,nan,24.92721176147461,-0.0038259183056652546,49.86482238769531,0.13734662532806396
454,929792,327.9837500000001,770.0,2,nan,22.861778259277344,-0.00270095095038414,45.73163604736328,0.13394063711166382
455,931840,312.6195,756.0,2,nan,24.581562042236328,-0.004978109151124954,49.17487335205078,0.08973738551139832
456,933888,332.97200000000004,776.0,2,nan,20.92804718017578,-8.09449702501297e-05,41.85740661621094,0.057585474103689194
457,935936,347.7697499999998,777.0,2,nan,26.52613067626953,-0.005526114255189896,53.06576156616211,0.12244656682014465
458,937984,314.3954999999998,755.0,2,nan,23.770326614379883,-0.0018699183128774166,47.546051025390625,0.08294250071048737
459,940032,339.9759999999999,781.0,2,nan,20.029577255249023,-0.0036748386919498444,40.0692024230957,0.13495630025863647
460,942080,344.33900000000006,785.5,2,nan,26.083816528320312,-0.004313252866268158,52.178199768066406,0.09708867222070694
461,944128,340.39624999999995,783.5,2,nan,22.74730682373047,-0.005033459514379501,45.50758361816406,0.1451767086982727
462,946176,321.5834999999998,758.0,2,nan,19.810176849365234,-0.004127531312406063,39.63062286376953,0.10069859772920609
463,948224,328.313,768.0,2,nan,24.020103454589844,-0.0013465490192174911,48.04499816894531,0.10496531426906586
464,950272,339.10799999999995,779.5,2,nan,24.137969970703125,-0.0027437973767518997,48.28324890136719,0.09109211713075638
465,952320,330.5804999999999,772.5,2,nan,23.017133712768555,-0.003725707530975342,46.04402542114258,0.11529140174388885
466,954368,360.0140000000001,800.0,2,nan,22.729677200317383,-0.006210779771208763,45.47461700439453,0.14200377464294434
467,956416,325.8279999999998,768.0,2,nan,22.065601348876953,-0.0032345000654459,44.13965606689453,0.09921406209468842
468,958464,331.1032499999999,772.5,2,nan,22.560806274414062,-0.0044466182589530945,45.13298416137695,0.124007448554039
469,960512,328.10625000000016,769.5,2,nan,25.902490615844727,-0.002028048038482666,51.81120681762695,0.10849270224571228
470,962560,332.7855000000002,776.5,2,nan,23.386083602905273,-0.0028449930250644684,46.779945373535156,0.10431598871946335
471,964608,312.7104999999999,751.5,2,nan,24.49128532409668,-0.0032123662531375885,48.990386962890625,0.06949387490749359
472,966656,328.74649999999997,763.0,2,nan,23.78758430480957,-0.00739365816116333,47.59235763549805,0.12011484801769257
473,968704,309.0694999999999,752.5,2,nan,23.32044792175293,-0.0029929056763648987,46.64802932739258,0.057459477335214615
474,970752,324.24549999999994,766.0,2,nan,25.04004669189453,-0.0007881149649620056,50.082916259765625,0.0622735358774662
475,972800,343.89550000000014,773.0,2,326.1647000000001,21.766874313354492,-0.0010789558291435242,43.539085388183594,0.15893027186393738
476,974848,326.63424999999984,767.5,2,nan,23.217287063598633,-0.0007334556430578232,46.43833923339844,0.11488193273544312
477,976896,331.7047500000001,774.0,2,nan,22.57154655456543,-0.002166159451007843,45.14972686767578,0.114976666867733
478,978944,331.5920000000002,774.5,2,nan,20.348722457885742,-0.004859015345573425,40.71108627319336,0.196189284324646
479,980992,332.4045,773.0,2,nan,22.289636611938477,-5.443952977657318e-05,44.58177947998047,0.11987277865409851
480,983040,339.61975000000007,778.5,2,nan,27.220287322998047,-0.002830343320965767,54.44849395751953,0.11289174109697342
481,985088,320.33299999999986,764.5,2,nan,26.37456703186035,-0.0008311718702316284,52.75349807739258,0.13499847054481506
482,987136,334.9339999999999,776.0,2,nan,23.61192512512207,-0.00010739266872406006,47.22654342651367,0.12391476333141327
483,989184,315.99775,756.5,2,nan,24.350080490112305,-0.005100080743432045,48.711769104003906,0.07035495340824127
484,991232,325.3610000000001,759.0,2,nan,21.30562400817871,-0.00391002744436264,42.621498107910156,0.12156522274017334
485,993280,335.1802500000001,776.5,2,nan,26.362586975097656,-0.006158873438835144,52.74010467529297,0.13055522739887238
486,995328,348.4374999999998,788.0,2,nan,23.65011978149414,-0.003130734898149967,47.308319091796875,0.09087410569190979
487,997376,333.5702500000001,774.0,2,nan,23.73207664489746,-0.0019473545253276825,47.47119903564453,0.15753969550132751
488,999424,335.50699999999983,775.5,2,nan,22.711820602416992,-0.0029030507430434227,45.431236267089844,0.0894911140203476
489,1001472,333.23849999999993,771.0,2,nan,25.714393615722656,-0.004745706915855408,51.441162109375,0.14419478178024292
